size,bedrooms,bathrooms,age,parking,price
1360,3,2,3,2,428000
1794,4,3,12,1,569000
1630,4,3,10,1,518000
1595,3,3,2,3,520000
2138,5,4,0,3,776000
2669,5,3,5,3,778000
966,3,2,17,1,355000
1738,4,3,23,3,577000
830,2,1,9,3,262000
1982,4,4,4,2,647000
2635,6,4,22,3,772000
630,2,1,9,1,220000
2185,6,4,11,3,732000
1269,3,2,1,1,413000
2891,6,5,12,3,874000
2015,6,5,7,1,686000
2933,6,4,1,3,891000
1715,4,3,19,2,500000
1455,2,1,0,2,462000
2824,6,4,30,2,819000
1684,5,3,4,1,575000
959,2,2,8,1,319000
521,2,1,16,0,165000
2800,6,5,8,3,859000
1247,3,2,10,1,461000
974,3,2,14,1,358000
1582,4,4,23,3,505000
2547,5,4,5,2,783000
1475,4,3,22,3,475000
2306,6,5,2,2,791000
689,2,2,29,0,221000
1062,2,2,30,1,322000
2399,5,3,16,2,678000
1767,3,3,4,1,551000
2028,5,3,29,3,557000
1146,3,2,27,2,319000
2568,6,4,11,3,821000
2714,6,4,17,3,791000
1797,3,3,13,1,511000
2935,6,3,20,3,831000
1100,1,1,23,0,286000
2863,6,4,10,3,837000
2561,6,4,8,3,718000
741,1,1,1,0,226000
2541,6,5,11,3,845000
1863,5,4,2,1,640000
2639,6,5,2,2,879000
1890,4,3,0,1,574000
1978,3,2,7,1,522000
1275,3,2,21,2,404000
534,1,1,27,1,158000
2753,6,4,28,3,803000
2455,5,4,7,2,778000
2085,5,3,10,3,670000
1521,3,2,8,2,487000
1629,4,3,4,1,555000
2000,4,2,13,2,595000
1202,3,2,27,1,371000
2949,6,4,29,3,859000
2079,4,3,2,1,675000
661,1,1,20,0,168000
701,1,1,4,1,256000
2481,6,5,4,3,811000
1495,3,2,18,1,413000
2817,6,4,26,3,796000
1315,4,2,13,2,451000
955,2,1,25,1,274000
1775,3,2,29,1,475000
1516,4,3,3,2,522000
2843,6,5,24,3,846000
837,2,1,12,2,303000
1378,4,3,9,1,435000
1576,3,2,24,2,449000
1291,4,4,17,2,470000
2764,6,4,7,3,869000
1263,2,2,7,0,349000
2735,6,4,6,3,884000
879,2,2,7,0,307000
992,2,2,13,0,317000
1680,4,3,18,3,527000
2562,6,4,28,2,756000
564,1,1,5,0,202000
1867,5,4,0,3,691000
1652,4,3,22,1,461000
2527,6,4,30,3,747000
1995,5,3,14,2,629000
1662,3,1,0,2,499000
2022,3,3,24,0,530000
891,2,2,16,0,273000
2198,4,3,0,2,683000
918,2,2,14,2,272000
2836,6,3,22,3,830000
878,1,1,1,0,265000
2296,5,4,13,3,722000
2778,6,5,20,3,852000
2588,6,4,7,3,800000
2682,5,3,7,2,777000
700,1,1,18,0,146000
2363,6,4,6,2,775000
1279,3,1,18,2,406000
1002,3,2,5,0,308000
2954,6,4,5,3,885000
2251,6,5,2,3,746000
1304,4,2,6,3,461000
2646,6,4,18,3,814000
2395,6,4,7,3,797000
2070,5,3,9,3,687000
1460,4,3,19,3,521000
1985,5,4,14,2,633000
1528,3,2,14,2,434000
1002,2,2,28,1,285000
897,1,1,0,1,311000
1370,3,2,19,2,387000
892,3,2,29,0,309000
706,1,1,6,0,251000
1538,3,2,26,2,430000
2381,6,3,3,2,728000
1984,3,2,28,2,507000
1363,4,3,5,1,481000
1063,3,1,24,1,300000
1520,4,3,0,3,572000
595,2,1,28,0,159000
2423,4,3,4,2,728000
2257,6,5,26,2,705000
2778,6,5,22,3,844000
2178,4,2,0,2,647000
1040,2,1,29,1,289000
1559,5,4,3,3,607000
1683,4,3,21,2,529000
2222,4,2,1,1,662000
2319,4,4,9,2,680000
2097,5,3,4,2,673000
1295,1,1,26,0,333000
1551,3,1,9,2,470000
2143,6,5,0,3,733000
1863,5,3,21,3,584000
2481,5,4,5,3,787000
1854,4,3,12,2,557000
2163,5,3,30,3,592000
2029,6,4,14,3,670000
2538,6,5,3,2,804000
1996,5,2,12,2,602000
2737,6,4,23,3,764000
1908,4,2,19,2,562000
1900,5,3,23,2,561000
1806,4,3,14,3,598000
1472,2,1,28,0,345000
2268,6,4,7,3,745000
1782,4,2,4,1,543000
1209,4,3,28,2,384000
1979,5,4,14,3,711000
1934,4,3,3,2,603000
1148,3,3,11,2,438000
817,2,2,12,1,261000
1757,4,2,1,3,583000
1183,3,2,26,2,372000
1163,3,3,30,1,356000
2498,5,4,18,3,734000
2131,4,3,18,1,601000
1995,4,4,3,2,640000
1636,4,3,3,3,625000
2353,6,4,25,3,718000
2020,5,4,10,3,681000
2989,6,4,26,3,894000
1063,2,1,4,2,328000
1791,5,4,19,2,587000
2136,5,4,10,2,674000
1198,2,1,29,2,314000
2660,5,3,9,2,767000
501,1,1,7,1,176000
1141,2,1,5,0,345000
2767,6,4,5,3,829000
2089,6,4,7,3,733000
1354,3,2,22,2,422000
2259,5,3,14,3,674000
2932,6,4,25,2,817000
2161,5,2,13,2,641000
1653,4,3,10,3,531000
1576,3,2,11,2,526000
2207,6,4,25,3,697000
2195,5,4,12,2,698000
2233,6,4,7,3,755000
1939,4,2,29,2,515000
2794,6,4,17,3,858000
1335,4,3,24,3,452000
702,2,2,0,1,318000
622,1,2,14,0,208000
900,2,2,7,0,339000
1266,4,3,27,3,437000
793,1,1,10,1,303000
2827,6,4,11,2,832000
697,2,1,11,0,237000
2430,5,4,3,2,734000
2691,6,3,15,3,779000
1108,1,1,3,0,336000
1647,5,3,4,2,599000
686,1,1,23,0,256000
2294,6,5,4,2,766000
1159,3,2,7,0,356000
2455,6,4,30,2,734000
